{
    "loss": 2.9383416175842285,
    "accuracy": 0.5086206793785095
}