{
    "loss": 0.32404276728630066,
    "accuracy": 0.9051724076271057
}